<?xml version="1.0" encoding="utf-16"?><game><encounter><announce>Alec is sitting in the middle of the floor, playing Rust. He looks up angrily!</announce><name>Alec The Rusted</name><health>25</health><gold>50</gold><attacks><att>10:%0uses %4Flying Elbow%0!:5</att></attacks><abilities><att>4:bandages himself:h5</att><att>1:plays Rust, builds a honeycomb base, and makes you pay for it! He reaches out:g10</att></abilities><items><reward>0</reward></items><win>You break his laptop. Alec dies from sadness.</win><lose>You get pickaxed to death.</lose></encounter><encounter><announce>Wibbenmeyer %2re`e`e`e`e`s into the room%0!</announce><name>WIBBENMEYER The Puppet Master</name><health>20</health><gold>5</gold><attacks><att>10:REEEES:5</att></attacks><abilities><att>3:"Oof"s:h5</att><att>3:Sends his puppets to steal your gold:g5</att></abilities><items><reward>3</reward></items><win>Wib dies, and you take on the name of Puppet Master.</win><lose>You are dead. You become a puppet in Wib's eternal army of damnation.</lose></encounter><encounter><announce>Dat Boi has appered!</announce><name>Nick J. Boi</name><health>25</health><gold>99</gold><attacks><att>10:Licks You:1</att><att>2:%2`D`A`B`S`.`%0:65</att></attacks><abilities><att>10:Licks You:h1</att><att>6: is Sarcastic:h5</att></abilities><items><reward>4</reward></items><win>Dat Boi has been curshed. You dab on him!</win><lose>You get dabbed on like the hater you are. You die instantly.</lose></encounter><encounter><announce>A cyborg is standing in this room. "I USED TO BE CALLED "GRUNWALD". BUT NOW I AM A CYBORG."</announce><name>Grunborg</name><health>30</health><gold>0</gold><attacks><att>1:Arc Welds you:10</att><att>4:Punches:5</att></attacks><abilities /><items><reward>2</reward></items><win>Grunborg collapses.</win><lose>You die. As the world fades away, Grunborg stands over you, holding 80/20 and an impact driver. %2"You will be...` rebuilt.`"%0</lose></encounter><item><name>Apple</name><type>0</type><meta>5</meta></item><item><name>Bread</name><type>0</type><meta>20</meta></item><item><name>Cake</name><type>0</type><meta>50</meta></item><item><name>Health Potion</name><type>1</type><meta>20</meta></item><item><name>Wooden Sword</name><type>3</type><meta>5</meta></item><item><name>Iron Sword</name><type>3</type><meta>10</meta></item><item><name>Master Sword</name><type>3</type><meta>15</meta></item><item><name>Necreant Blade</name><type>3</type><meta>25</meta></item><item><name>Craftsman's Key</name><type>2</type><meta>0</meta></item><item><name>Scribe's Key</name><type>2</type><meta>1</meta></item><item><name>Boss Key 1</name><type>2</type><meta>3</meta></item><item><name>Boss Key 2</name><type>2</type><meta>4</meta></item></game>